,km_per_g,shower_per_g,hrs_of_streaming_per_g
0,0.0037,0.00186,0.0182
1,0.0037,0.00186,0.0182
2,0.0037,0.00186,0.0182
